Cat 1,Cat 2,Cat 3,Cat 4,nom,Description,1 boule,2 boules,prix_unique,Bio,Petit,Grand,Contenance,Titrage,Demi,Pinte,VERRE 12 CL,BOUTEILLE 75 CL,25 CL,50 CL,1L
Boissons,Le chaud,Cafés,,Café bio et équitable 80% Arabica 20% Robusta,"(Pérou) Brûlerie de la Maine, Etriché",,,,(bio),"1,60 €","3,00 €",,,,,,,,,
Boissons,Le chaud,Cafés,,Déca,,,,,,"1,70 €","1,70 €",,,,,,,,,
Boissons,Le chaud,Cafés,,Café Allongé,,,,,(bio),"1,70 €","3,20 €",,,,,,,,,
Boissons,Le chaud,Cafés,,Noisette,,,,,(bio),"1,70 €","3,20 €",,,,,,,,,
Boissons,Le chaud,Cafés,,Café Crème,,,,,(bio),"2,50 €","4,00 €",,,,,,,,,
Boissons,Le chaud,Cafés,,Chaï Latte,,,,,(bio),"3,50 €","5,50 €",,,,,,,,,
Boissons,Le chaud,Cafés,,Chocolat au Lait,,,,,(bio),"3,50 €","5,50 €",,,,,,,,,
Boissons,Le chaud,Cafés,,Cappuccino,,,,,(bio),"3,50 €",,,,,,,,,,
Boissons,Le chaud,Cafés,,Café Viennois,,,,,,"2,80 €","6,20 €",,,,,,,,,
Boissons,Le chaud,Cafés,,Chocolat Viennois,,,,,,"4,00 €","6,50 €",,,,,,,,,
Boissons,Le chaud,Cafés,,Macchiato,"Café, Lait, Caramel ou Chocolat Mai",,,,,"4,50 €","6,00 €",,,,,,,,,
Boissons,Le chaud,Cafés,,Macchiato royal,"Café, Lait, Caramel ou Chocolat Maison,Chantilly",,,,,"4,50 €","7,00 €",,,,,,,,,
Boissons,Le chaud,Cafés,,Café Gourmand,,,,,,"7,50 €",,,,,,,,,,
Boissons,Le chaud,Cafés,,Thé Gourmand,,,,,,"8,50 €",,,,,,,,,,
Boissons,Le chaud,Thés / infusions Dammann,Thé noir,Ceylan,,,,"3,50 €",,,,,,,,,,,,
Boissons,Le chaud,Thés / infusions Dammann,Thé noir,Earl Grey,,,,"3,50 €",,,,,,,,,,,,
Boissons,Le chaud,Thés / infusions Dammann,Thé noir,4 Fruits rouge,,,,"3,50 €",,,,,,,,,,,,
Boissons,Le chaud,Thés / infusions Dammann,Thé noir,Vanille,,,,"3,50 €",,,,,,,,,,,,
Boissons,Le chaud,Thés / infusions Dammann,Thé vert,Miss dammann,"Citron, Fruit de la Passion, Gingembre",,,"3,50 €",,,,,,,,,,,,
Boissons,Le chaud,Thés / infusions Dammann,Thé vert,Yunnan,,,,"3,50 €",,,,,,,,,,,,
Boissons,Le chaud,Thés / infusions Dammann,Thé vert,Menthe,,,,"3,50 €",,,,,,,,,,,,
Boissons,Le chaud,Thés / infusions Dammann,Thé vert,Jasmin,,,,"3,50 €",,,,,,,,,,,,
Boissons,Le chaud,Thés / infusions Dammann,Infusions,Tisane Nuit à Versailles,"Bergamote, Kiwi, Pêche",,,"3,50 €",,,,,,,,,,,,
Boissons,Le chaud,Thés / infusions Dammann,Infusions,Tisane Carcadet,"Passion, Framboise",,,"3,50 €",,,,,,,,,,,,
Boissons,Le chaud,Thés / infusions Dammann,Infusions,Tisane du Berger,"Tilleul, Verveine, Menthe, Citronnelle, Fleur d’Oranger",,,"3,50 €",,,,,,,,,,,,
Boissons,Le chaud,Thés / infusions Dammann,Infusions,Rooibos Citrus,"Citron Vert, Clémentine, Orange Sanguine",,,"3,50 €",,,,,,,,,,,,
Boissons,Softs et Sans Alcool,Softs,,Les sirops,"Melon, Pastèque, Goyave, Litchi, Grenadine, Passion, Grenade, Fraise, Cerise, Cassis, Mûre, Framboise, Pêche, Menthe, Banane, Violette, Kiwi, Rose, Orgeat, Gingembre, Pamplemousse, Citron, Citronnelle, Pulco",,,"2,00 €",,,,(25cl),,,,,,,,
Boissons,Softs et Sans Alcool,Softs,,Les diabolos,"Melon, Pastèque, Goyave, Litchi, Grenadine, Passion, Grenade, Fraise, Cerise, Cassis, Mûre, Framboise, Pêche, Menthe, Banane, Violette, Kiwi, Rose, Orgeat, Gingembre, Pamplemousse, Citron, Citronnelle, Pulco",,,"2,50 €",,,,(25cl),,,,,,,,
Boissons,Softs et Sans Alcool,Softs,,Boisson énergisante,,,,"3,00 €",,,,(20cl),,,,,,,,
Boissons,Softs et Sans Alcool,Softs,,"Orangina, Schweppes",,,,"3,60 €",,,,(25cl),,,,,,,,
Boissons,Softs et Sans Alcool,Softs,,"Breizh Cola, Breizh Zero, Breizh Agrumes, Oasis Tropical",,,,"3,80 €",,,,(33cl),,,,,,,,
Boissons,Softs et Sans Alcool,Softs,,Thé glacé maison,,,,"3,50 €",,,,(30cl),,,,,,,,
Boissons,Softs et Sans Alcool,Softs,,Bissap maison,,,,"3,50 €",,,,(30cl),,,,,,,,
Boissons,Softs et Sans Alcool,Softs,,Café Frappé,"Café, Sirop Orgeat, Sucre",,,"3,50 €",,,,,,,,,,,,
Boissons,Softs et Sans Alcool,Softs,,Cacolac,,,,"3,60 €",,,,(20cl),,,,,,,,
Boissons,Softs et Sans Alcool,Softs,,Macchiato glacé,,,,"4,00 €",,,,,,,,,,,,
Boissons,Softs et Sans Alcool,Softs,,Schorle Les Filles de l’Ouest,"Citron Fringant, Rhubarbe Pimpante, Menthe Fougueuse, Cassis Truculent, Pomelo Corsé",,,"4,50 €",(bio),,,(33cl),,,,,,,,
Boissons,Softs et Sans Alcool,Softs,,Ginger Beer,,,,"5,00 €",,,,(20cl),,,,,,,,
Boissons,Softs et Sans Alcool,Softs,,Tensai Tea,"Thé Noir Glacé, Gingembre",,,"5,00 €",(bio),,,(33cl),,,,,,,,
Boissons,Softs et Sans Alcool,Softs,,Soda Leamo,"Ginger Ale, Orangeade, Concombre Citron",,,"5,00 €",(bio),,,(33cl),,,,,,,,
Boissons,Softs et Sans Alcool,Softs,,Sansu,"Soda Yuzu, Gingembre (Vitamine C++)",,,"5,50 €",(bio),,,(25cl),,,,,,,,
Boissons,Softs et Sans Alcool,Softs,,Kombucha Penrose,Thé Noir / Rhubarbe / Clémentine ou Thé Vert Sencha / Framboise / Menthe,,,"6,00 €",(bio),,,(33cl),,,,,,,,
Boissons,Softs et Sans Alcool,Les Bières et Vins Sans Alcool,,Jupiler Bière Sans Alcool,,,,"4,50 €",,,,(25cl),,,,,,,,
Boissons,Softs et Sans Alcool,Les Bières et Vins Sans Alcool,,"Meteor IPA Sans Alcool 0,0%",,,,"5,50 €",,,,(33cl),,,,,,,,
Boissons,Softs et Sans Alcool,Les Bières et Vins Sans Alcool,,"Tête Haute IPA Presque Sans Alcool 0,5%",,,,"5,50 €",,,,(33cl),,,,,,,,
Boissons,Softs et Sans Alcool,Les Bières et Vins Sans Alcool,,Vin Blanc Sans Alcool,«Cypher» Domaine de Brau (Sauvignon),,,"6,00 €",(bio),,,(Canette 25cl),,,,,,,,
Boissons,Softs et Sans Alcool,Les Bières et Vins Sans Alcool,,Vin Blanc Pétillant Sans Alcool ,«Cypher» Domaine de Brau (Sauvignon),,,"6,00 €",(bio),,,(Canette 25cl),,,,,,,,
Boissons,Softs et Sans Alcool,Les Jus,,100% Pur Jus local,"Pomme (53), Raisin (49)",,,"3,50 €",local,,,(25cl),,,,,,,,
Boissons,Softs et Sans Alcool,Les Jus,,Vergers de la Manse (37),"Tomate, Pomme/Mangue, Pomme/Framboise, Poire, Ananas, Orange, Pamplemousse, Abricot, Fraise",,,"4,50 €",,,,(25cl),,,,,,,,
Boissons,Softs et Sans Alcool,Les Jus,,Bahia,"Jus de Goyave Blanche, Litchi, Citron Vert (Vitamine C++)",,,"5,00 €",France,,,(33cl),,,,,,,,
Boissons,Softs et Sans Alcool,Les Jus,,Lhumeau,Jus de Raisin Pétillant,,,"6,00 €",local,,,"(27,5cl)",,,,,,,,
Boissons,Softs et Sans Alcool,Les Eaux,,Eau Neuve,Eau minérale plate,,,"2,50 €",,,,(33cl),,,,,,,,
Boissons,Softs et Sans Alcool,Les Eaux,,Eau Neuve,Eau minérale plate,,,"3,50 €",,,,(50cl),,,,,,,,
Boissons,Softs et Sans Alcool,Les Eaux,,Eau Neuve,Eau minérale gazeuse,,,"3,00 €",,,,(33cl),,,,,,,,
Boissons,Softs et Sans Alcool,Les Eaux,,Plancoët Gazeuse,,,,"4,00 €",,,,(50cl),,,,,,,,
Boissons,Softs et Sans Alcool,Les Eaux,,Plancoët Gazeuse,,,,"5,50 €",,,,(100cl),,,,,,,,
Boissons,Softs et Sans Alcool,Les Cocktails Sans Alcool,,"Virgin Mojito, Virgin Mojito Fruit, Virgin Piña Colada",,,,"6,50 €",,,,,,,,,,,,
Boissons,Softs et Sans Alcool,Les Cocktails Sans Alcool,,"Virgin Spritz, Virgin Hugo Spritz",,,,"6,50 €",,,,,,,,,,,,
Boissons,Softs et Sans Alcool,Les Cocktails Sans Alcool,,Sawat,"Purée de Fraise, Jus de Cranberry, Menthe, Tonic",,,"6,50 €",,,,,,,,,,,,
Boissons,Softs et Sans Alcool,Les Cocktails Sans Alcool,,Acapulco,"Jus d’Orange, Limonade, Sirop Grenadine, Citron",,,"6,50 €",,,,,,,,,,,,
Boissons,Softs et Sans Alcool,Les Cocktails Sans Alcool,,Kiribata,"Jus de Cranberry, Jus d’Orange, Citron Vert Pressé",,,"6,50 €",,,,,,,,,,,,
Boissons,Softs et Sans Alcool,Les Cocktails Sans Alcool,,Citronnella,"Jus de Mangue, Sirop de Citronnelle, Jus de Citron",,,"6,50 €",,,,,,,,,,,,
Boissons,Softs et Sans Alcool,Les Cocktails Sans Alcool,,Ginger Berry Fizz,"Jus de Cranberry, Citron Vert Pressé, Ginger Beer",,,"6,50 €",,,,,,,,,,,,
Boissons,Softs et Sans Alcool,Les Cocktails Sans Alcool,,Virgin Red Mojito,"Jus de Fleur d’Hibiscus, Menthe, Citron Vert",,,"6,50 €",,,,,,,,,,,,
Boissons,Softs et Sans Alcool,Les Cocktails Sans Alcool,,Kootchooloo,"Jus de Pomme, Concombre, Jus de Citron, Sirop de Gingembre, Menthe",,,"6,50 €",,,,,,,,,,,,
Boissons,Softs et Sans Alcool,Les Cocktails Sans Alcool,,Jamaican Spice,"Purée de Mangue, Jus d’Orange, Ginger Beer, Sirop Piment Maison",,,"6,50 €",,,,,,,,,,,,
Boissons,Softs et Sans Alcool,Les Cocktails Sans Alcool,,Cloudy,"Jus de Goyave, Sirop de Rose, Jus de Citron Vert, Jus de Fleur d’Hibiscus",,,"6,50 €",,,,,,,,,,,,
Boissons,Cocktails,Les Cocktails Classiques,,"Jäger Bomb, Ti Punch",,,,"5,50 €",,,,,,,,,,,,
Boissons,Cocktails,Les Cocktails Classiques,,"Caïpirinha, Caïpiroska","Caïpirinha - fruits +0,50€",,,"6,00 €",,,,,,,,,,,,
Boissons,Cocktails,Les Cocktails Classiques,,"Cuba Libre, Planteur, Tequila Sunrise, Daiquiri, Mojito","Daiquiri - fruits +0,50€, Mojito - fruits +0,50€",,,"6,50 €",,,,,,,,,,,,
Boissons,Cocktails,Les Cocktails Classiques,,"Cosmopolitain, Cointreaupolitain, Margarita, Cointreau Fizz, Love on the Beach, Martini Dry, Piña Colada, Russe Blanc",,,,"7,50 €",,,,,,,,,,,,
Boissons,Cocktails,Les Cocktails Classiques,,"Bloody Mary, London Mule, Moscow Mule, Long Island, Mai Thaï",,,,"8,00 €",,,,,,,,,,,,
Boissons,Cocktails,Les Cocktails Classiques,,Grog,Pour se rechauffer,,,"4,50 €",,,,,,,,,,,,
Boissons,Cocktails,Les Cocktails Classiques,,"Irish Coffee Monkey Shoulder, French Coffee",Pour se rechauffer,,,"7,00 €",,,,,,,,,,,,
Boissons,Cocktails,Les Cocktails du moment,,Red Mojito,"Rhum, Citron Vert, Menthe, Jus de Fleur d’Hibiscus, Angustura, Sucre",,,"7,50 €",,,,,,,,,,,,
Boissons,Cocktails,Les Cocktails du moment,,Spritz Violette,"Crème de Violette, Eau Gazeuse, Crémant",,,"7,50 €",,,,,,,,,,,,
Boissons,Cocktails,Les Cocktails du moment,,Spritz Hugo,"Liqueur Fleur de Sureau, Crémant, Eau Gazeuse, Citron Vert, Zeste de Citron Jaune",,,"7,50 €",,,,,,,,,,,,
Boissons,Cocktails,Les Cocktails du moment,,Spritz Angevin,"Bitter Giffard, Crément de Loire, Eau Gazeuse, Orange",,,"7,50 €",,,,,,,,,,,,
Boissons,Cocktails,Les Cocktails du moment,,Sour ,"Tequila Milagro, Amaretto, Pisco",,,"7,50 €",,,,,,,,,,,,
Boissons,Cocktails,Les Cocktails du moment,,Jam Sour,"Whisky Monkey Shoulder, Confiture, Jus de Citron",,,"7,50 €",,,,,,,,,,,,
Boissons,Cocktails,Les Cocktails du moment,,Arapi,"Vodka, Sirop de Grenade, Citron Vert, Crème Coco",,,"7,50 €",,,,,,,,,,,,
Boissons,Cocktails,Les Cocktails du moment,,Arawak,"Rhum, Menthe, Jus de Goyave, Citron Vert, Sucre",,,"7,50 €",,,,,,,,,,,,
Boissons,Cocktails,Les Cocktails du moment,,Pol Lover,"Vodka, Liqueur de Melon, Sirop Framboise, Jus d’Ananas, Jus de Cranberry",,,"7,50 €",,,,,,,,,,,,
Boissons,Cocktails,Les Cocktails du moment,,Espresso Martini,"Vodka, Kahlua, Expresso, Sucre",,,"7,50 €",,,,,,,,,,,,
Boissons,Cocktails,Les Cocktails du moment,,Gin Smash,"Gin Hendrick’s, Basilic, Miel, Citron Jaune Pressé",,,"8,50 €",,,,,,,,,,,,
Boissons,Cocktails,Les Cocktails du moment,,Honolulu Punch,"Rhum Sailor Jerry, Purée de Passion, Jus d’Ananas, Sirop de Vanille, Citron Vert",,,"8,50 €",,,,,,,,,,,,
Boissons,Cocktails,Les Cocktails du moment,,Papete Punch,"Rhum, Pomme, Goyave, Citron Vert, Litchi",,,"8,50 €",,,,,,,,,,,,
Boissons,Cocktails,Les Cocktails du moment,,Cold Kiss,"Gin Hendrick’s, Sirop de Rose, Citron Vert, Jus de Goyave, Jus de Fleur d’Hibiscus",,,"8,50 €",,,,,,,,,,,,
Boissons,Cocktails,Les Cocktails du moment,,Bolly Mule,"Gin Hendrick’s, Crème de Cassis, Ginger Beer, Sirop de Rose Maison, Citron Vert Pressé",,,"9,00 €",,,,,,,,,,,,
Boissons,Bières,Pression française,Blondes,"Meteor Blonde, Lager","Brasserie Meteor, Hochfelden, 67",,,,,,,,5%,"3,00 €","5,50 €",,,,,
Boissons,Bières,Pression française,Blondes,"Alpaca Citra, Pale Ale","Alpaca, Segré, 49",,,,(bio),,,,"5,5%","3,90 €","7,00 €",,,,,
Boissons,Bières,Pression française,Blondes,"Wendelinus Blonde, Abbaye","Brasserie Meteor, Hochfelden, 67",,,,,,,,"6,8%","4,20 €","7,50 €",,,,,
Boissons,Bières,Pression française,Blondes,"La Piautre, Triple","La Piautre, La Ménitré, 49",,,,,,,,8%,"4,20 €","7,50 €",,,,,
Boissons,Bières,Pression française,Blanche,Alpaca Blanche,"Alpaca, Segré, 49",,,,(bio),,,,"4,7%","3,90 €","7,00 €",,,,,
Boissons,Bières,Pression française,IPA,"La Côale Original, IPA","La Côale, Bécon-les-Granits, 49",,,,,,,,"6,2%","4,20 €","7,50 €",,,,,
Boissons,Bières,Pression française,IPA,"Bonne Pâte, Double IPA","Brasserie La Bestiole, Saint-Barthélemy, 49",,,,,,,,8%,"4,20 €","7,50 €",,,,,
Boissons,Bières,Pression française,IPA,"Patoune, NEIPA","Brasserie La Bestiole, Saint-Barthélemy, 49",,,,,,,,6%,"4,20 €","7,50 €",,,,,
Boissons,Bières,Pression française,Ambrée,"Enaxor, Ambrée","La Côale, Bécon-les-Granits, 49",,,,,,,,6%,"4,20 €","7,50 €",,,,,
Boissons,Bières,Pression française,Fruitées,"Meteor Cerise, Rouge, Fruitée","Brasserie Meteor, Hochfelden, 67",,,,,,,,"5,5%","4,20 €","7,50 €",,,,,
Boissons,Bières,Pression française,Fruitées,"Slash Mango, Blonde, Fruitée","Brasserie La Licorne, Saverne, 67",,,,,,,,8%,"4,20 €","7,50 €",,,,,
Boissons,Bières,Pression française,Autres,Panaché,,,,,,,,,,"3,20 €","5,50 €",,,,,
Boissons,Bières,Pression française,Autres,"Monaco, Bière sirop",,,,,,,,,,"3,20 €","5,80 €",,,,,
Boissons,Bières,Pression française,Autres,Picon Bière,,,,,,,,,,"4,00 €","7,50 €",,,,,
Boissons,Bières,Craft beer locales,"Brasserie Bio Artisanale Penrose, Angers",Gose,"Acidulée, Note Cassis & Citron vert",,,"6,50 €",(bio),,,(33cl),"3,5%",,,,,,,
Boissons,Bières,Craft beer locales,"Brasserie Bio Artisanale Penrose, Angers",Wheat Ale,"Bière de Blé, Légèrement Argumé",,,"6,50 €",(bio),,,(33cl),"4,5%",,,,,,,
Boissons,Bières,Craft beer locales,"Brasserie Bio Artisanale Penrose, Angers",DDH Pale Ale,"Blonde Dorée, Note Fruitée et Amer",,,"6,50 €",(bio),,,(33cl),5%,,,,,,,
Boissons,Bières,Craft beer locales,"Brasserie Bio Artisanale Penrose, Angers",IPA,"Blonde Houblonnnée, Douce Amer",,,"6,50 €",(bio),,,(33cl),"6,5%",,,,,,,
Boissons,Bières,Craft beer locales,"Brasserie Bio Artisanale Penrose, Angers",NEIPA,"Blonde Houblonnnée, Note Fruité et Florale",,,"6,90 €",(bio),,,(33cl),6%,,,,,,,
Boissons,Bières,Craft beer locales,"Brasserie La Bestiole, Saint-Barthélemy",Insouciante,Pale Ale,,,"7,50 €",,,,(44cl),"4,0%",,,,,,,
Boissons,Bières,Craft beer locales,"Brasserie La Bestiole, Saint-Barthélemy",Vagabonde,"Witbier, Orange Sanguine",,,"7,50 €",,,,(44cl),5%,,,,,,,
Boissons,Bières,Craft beer locales,"Brasserie La Bestiole, Saint-Barthélemy",L’Intrépide,"Sour, Passion, Vanille",,,"7,50 €",,,,(44cl),6%,,,,,,,
Boissons,Bières,Craft beer locales,"Brasserie La Bestiole, Saint-Barthélemy",Pas Commode,West Coast IPA,,,"7,50 €",,,,(44cl),"6,5%",,,,,,,
Boissons,Bières,Craft beer locales,"Brasserie La Bestiole, Saint-Barthélemy",La Pépère,"Stout, Tiramisu",,,"7,50 €",,,,(44cl),10%,,,,,,,
Boissons,Bières,Craft beer locales,"Brasserie La Bestiole, Saint-Barthélemy",L’Exubérante,Double NEIPA,,,"7,50 €",,,,(44cl),8%,,,,,,,
Boissons,Bières,Craft beer locales,"Brasserie La Bestiole, Saint-Barthélemy",Citraddict,"DDH, IPA, Citra",,,"7,50 €",,,,(44cl),"6,5%",,,,,,,
Boissons,Bières,Bières bouteille,,Desperados,Aromatisée Tequila,,,"5,50 €",,,,(33cl),"4,5%",,,,,,,
Boissons,Bières,Bières bouteille,,Piautre Noir,Stout,,,"6,00 €",,,,(33cl),5%,,,,,,,
Boissons,Bières,Bières bouteille,,Chouffe,Blonde,,,"7,00 €",,,,(33cl),8%,,,,,,,
Boissons,Bières,Bières bouteille,,Kasteel Rouge,Fruits Rouges,,,"7,00 €",,,,(33cl),8%,,,,,,,
Boissons,Les Apéritifs,,,Pastis,,,,"3,00 €",,,,(3cl),,,,,,,,
Boissons,Les Apéritifs,,,"Martini Blanc, Martini Rouge",,,,"3,50 €",,,,(6cl),,,,,,,,
Boissons,Les Apéritifs,,,"Porto Blanc, Porto Rouge",,,,"3,50 €",,,,(6cl),,,,,,,,
Boissons,Les Apéritifs,,,Suze,,,,"3,50 €",,,,(6cl),,,,,,,,
Boissons,Les Vins Rouges,Val de Loire,,Anjour Rouge AOP,"Domaine des Hautes Ouches (Cab,Franc)",,,,,,,,,,,"2,50 €",,,,
Boissons,Les Vins Rouges,Val de Loire,,Anjou Rouge AOP,"Domaine du Gerfaut (Cab,Franc)",,,,(bio),,,,,,,"3,50 €","18,00 €",,,
Boissons,Les Vins Rouges,Val de Loire,,Anjou Grolleau,Domaine Princé (Grolleau),,,,(bio),,,,,,,"3,50 €","18,00 €",,,
Boissons,Les Vins Rouges,Val de Loire,,Saumur Champigny AOP,"Domaine de Bourg Neuf (Cab,Franc)",,,,,,,,,,,"4,60 €","25,50 €",,,
Boissons,Les Vins Rouges,Val de Loire,,Saint Nicolas de Bourgueil AOP,"Vignoble la Jarnoterie (Cab,Franc)",,,,,,,,,,,"4,80 €","26,50 €",,,
Boissons,Les Vins Rouges,Val de Loire,Demi-bouteille,Saint Nicolas de Bourgueil AOP,"Vignoble la Jarnoterie (Cab,Franc)",,,,,,,,,,,,"15,00 €",,,
Boissons,Les Vins Rouges,Val de Loire,,Chinon AOP « Les Galuches »,"Domaine Raffault (Cab,Franc)",,,,(bio),,,,,,,"4,90 €","27,00 €",,,
Boissons,Les Vins Rouges,Val de Loire,,Cheverny Rouge HVE « EnCLOS du Petit Chien »,"Domaine Alpha Loire (Pinot Noir, Gamay)",,,,,,,,,,,"5,20 €","28,50 €",,,
Boissons,Les Vins Rouges,Les Autres Régions,,Bordeaux Rouge AOC « Réserve »,"Chateau la Grave de Bertin (Merlot, Cab,Franc, Cab,Sauv)",,,,,,,,,,,"3,60 €","19,00 €",,,
Boissons,Les Vins Rouges,Les Autres Régions,,"Gravé dans la Roche, IGP Coteaux du Pont du Gard","Chateau Boucarut (Syrah, vin nature)",,,,,,,,,,,"3,90 €","21,50 €",,,
Boissons,Les Vins Rouges,Les Autres Régions,,"La Croix d’Arton, IGP Côte de Gascogne","Chateau d’Arton (Merlot, Syrah, Cab,Sauv)",,,,(bio),,,,,,,"4,00 €","22,00 €",,,
Boissons,Les Vins Rouges,Les Autres Régions,,Côtes du Rhône village Visan « Notre dame des Vignes »,Rhonéa (Grenache noir),,,,,,,,,,,"4,40 €","24,50 €",,,
Boissons,Les Vins Rouges,Les Autres Régions,,Corbières AOP,"Château du Luc (Grenache noir, Carignan, Syrah)",,,,(bio),,,,,,,"4,60 €","25,50 €",,,
Boissons,Les Vins Rouges,Les Autres Régions,,Fitou AOC « Les Mille et Une Parcelles »,"Mont Tauch (Carignan, Grenache noir, Syrah)",,,,,,,,,,,"4,80 €","26,50 €",,,
Boissons,Les Vins Rouges,Les Autres Régions,,Saint Chinian « Le Bric à Brac »,"Domaine Calmel , Joseph (Grenache noir, Carignan, Syrah)",,,,(bio),,,,,,,"5,20 €","28,50 €",,,
Boissons,Les Vins Blancs,,,Chardonnay IGP,Domaine des Hautes Ouches,,,,,,,,,,,"2,50 €",,,,
Boissons,Les Vins Blancs,,,Sauvignon IGP,Domaine des Hautes Ouches,,,,,,,,,,,"2,50 €",,,,
Boissons,Les Vins Blancs,,,Côte de Gascogne IGP « Les Hauts d’Arton »,"Chateau d’Arton (Colombard, Cab,Sauv)",,,,(bio),,,,,,,"4,00 €","22,00 €",,,
Boissons,Les Vins Blancs,,,Chenin Anjou Blanc,Domaine de Gerfaut (Chenin),,,,(bio),,,,,,,"4,00 €","22,00 €",,,
Boissons,Les Vins Blancs,,,Viognier IGP Pays d’Oc,Domaine Paul Mas (Viognier),,,,,,,,,,,"4,50 €","24,50 €",,,
Boissons,Les Vins Blancs,,,Pinot Blanc AOP Alsace,Kuentz Bas (Pinot Blanc),,,,,,,,,,,"4,70 €","15,00 €",,,
Boissons,Les Vins Blancs,,,Côteaux de l’Aubance,Domaine Papin (Chenin blanc),,,,,,,,,,,"3,20 €",,,,
Boissons,Les Vins Blancs,,,Brut Traditionnel Val de Loire,"Bouvet Ladubay - 1851 (Chardonnay, Chenin)",,,,,,,,,,,"4,00 €","22,00 €",,,
Boissons,Les Vins Rosés,,,Rosé de Loire AOP,"Domaine des Hautes Ouches (Grolleau, Gamay)",,,,,,,,,,,"2,50 €",,,,
Boissons,Les Vins Rosés,,,IGP Méditerranée « Brise Marine »,"Cercle vignerons de provence (Grenache, Cinsault)",,,,,,,,,,,"3,20 €","16,00 €",,,
Boissons,Pichet de vin,,,Anjou Rouge AOP,,,,,,,,,,,,,,"4,20 €","8,00 €","15,00 €"
Boissons,Pichet de vin,,,Chardonnay IGP,,,,,,,,,,,,,,"4,20 €","8,00 €","15,00 €"
Boissons,Pichet de vin,,,Sauvignon IGP,,,,,,,,,,,,,,"4,20 €","8,00 €","15,00 €"
Boissons,Pichet de vin,,,Côteaux de l’Aubance AOC,,,,,,,,,,,,,,"6,00 €","11,50 €","22,00 €"
Boissons,Pichet de vin,,,Rosé de Loire AOP,,,,,,,,,,,,,,"4,00 €","8,00 €","15,00 €"
Boissons,Pichet de vin,,,kir / Kir Cardinal,,,,"2,70 €",,,,,,,,,,,,
Boissons,Pichet de vin,,,Kir Pétillant / Kir Breton,,,,"4,20 €",,,,,,,,,,,,
Boissons,Pichet de vin,,,Cidre Brut,(33cl),,,"3,80 €",,,,(33cl),,,,,,,,
Boissons,Rhums,,,Rhum Arrangé Maison,,,,"6,00 €",,,,(4cl),,,,,,,,
Boissons,Rhums,,,Botran,"doux, fruité",,,"7,00 €",,,,(4cl),,,,,,,,
Boissons,Rhums,,,Doorly’s XO,"riche, doux, fruits secs",,,"7,00 €",,,,(4cl),,,,,,,,
Boissons,Rhums,,,Barcelo Imperial,"doux, fruité",,,"7,50 €",,,,(4cl),,,,,,,,
Boissons,Rhums,,,Matusalem 15 ans,"orange, vanille",,,"7,50 €",,,,(4cl),,,,,,,,
Boissons,Rhums,,,Barbancourt 8 ans,"puissant, vanillé",,,"7,50 €",,,,(4cl),,,,,,,,
Boissons,Rhums,,,Dictador 12 ans,"fruits exotiques, vanille",,,"7,50 €",,,,(4cl),,,,,,,,
Boissons,Rhums,,,Flor de Caña 14 ans,"riche, coco, nougat, épices",,,"8,00 €",,,,(4cl),,,,,,,,
Boissons,Rhums,,,Plantation XO,"boisée, mangue",,,"8,00 €",,,,(4cl),,,,,,,,
Boissons,Rhums,,,Santa Teresa,"doux, miel, banane",,,"8,00 €",,,,(4cl),,,,,,,,
Boissons,Rhums,,,Zacapa 23 ans,noix de muscade,,,"9,00 €",,,,(4cl),,,,,,,,
Boissons,Whiskies,Single Malt,,Aberlour 10 ans,"fruité, épicé",,,"7,00 €",,,,(4cl),,,,,,,,
Boissons,Whiskies,Single Malt,,Laphroaig 10 ans,tourbé,,,"7,00 €",,,,(4cl),,,,,,,,
Boissons,Whiskies,Single Malt,,Armorik,très fruité et doux,,,"7,00 €",,,,(4cl),,,,,,,,
Boissons,Whiskies,Single Malt,,La Piautre « Port Saint Maur »,"tourbé, fumé, épices",,,"7,50 €",,,,(4cl),,,,,,,,
Boissons,Whiskies,Single Malt,,Highland Park 12 ans,"légèrement fumé, doux",,,"7,50 €",,,,(4cl),,,,,,,,
Boissons,Whiskies,Single Malt,,Caol Ila,tourbé et gourmand,,,"8,00 €",,,,(4cl),,,,,,,,
Boissons,Whiskies,Blended,,Irish Powers,fort caractère,,,"7,00 €",,,,(4cl),,,,,,,,
Boissons,Whiskies,Blended,,Monkey Shoulder,"rond, fruits frais",,,"7,00 €",,,,(4cl),,,,,,,,
Boissons,Whiskies,Blended,,Telling Stout Cask,"café, chocolat, épices",,,"8,00 €",,,,(4cl),,,,,,,,
Boissons,Whiskies,Blended,,Yamazakura,"doux, aromatique, iodé",,,"8,00 €",,,,(4cl),,,,,,,,
Boissons,Whiskies,Blended,,Nikka from the Barrel,"gros caractère, vanille",,,"8,00 €",,,,(4cl),,,,,,,,
Boissons,Whiskies,Bourbon,,Maker’s Mark,doux,,,"6,50 €",,,,(4cl),,,,,,,,
Boissons,Whiskies,Bourbon,,Woodford Reserve,"boisé, rond",,,"8,00 €",,,,(4cl),,,,,,,,
Boissons,Gins Tonics,,,Gin Hendrick’s,Schweppes Tonic (10cl),,,"7,90 €",,,,(5cl),,,,,,,,
Boissons,Gins Tonics,,,Gin Hendrick’s Orbium,Fever Tree Tonic (10cl),,,"9,50 €",,,,(5cl),,,,,,,,
Boissons,Gins Tonics,,,Gin La Piautre « Origin »,Fever Tree Tonic (10cl) ,,,"9,50 €",,,,(5cl),,,,,,,,
Boissons,Gins Tonics,,,Gin Botanist,Fever Tree Tonic (10cl),,,"10,00 €",local,,,(5cl),,,,,,,,
Boissons,Digestifs,,,"Cointreau, Menthe, Pastille Giffard, Peppermint, Bailey's",,,,"5,00 €",,,,(4cl),,,,,,,,
Boissons,Digestifs,,,"Poire, Cognac aux Amandes Giffard, Calvados",,,,"5,00 €",,,,(4cl),,,,,,,,
Boissons,Digestifs,,,Cognac VS Prestignac,,,,"5,00 €",,,,(4cl),,,,,,,,
Boissons,Digestifs,,,Cognac ABK6 VSOP,,,,"6,50 €",,,,(4cl),,,,,,,,
Boissons,Digestifs,,,Cointreau Noir,,,,"7,50 €",,,,(4cl),,,,,,,,
Boissons,Shots,,,Menthe Pastille,,,,"3,00 €",,,,"(2,5cl)",,,,,,,,
Boissons,Shots,,,"Springbok, Tequila",,,,"3,50 €",,,,"(2,5cl)",,,,,,,,
Boissons,Shots,,,Smooth and Easy,"Rhum, Mangue, Vanille",,,"3,50 €",,,,"(2,5cl)",,,,,,,,
Boissons,Shots,,,Ruffle,"Tequila, Passion, Banane",,,"3,50 €",,,,"(2,5cl)",,,,,,,,
Boissons,Shots,,,Piscolero,"Pisco, Grenadine, Jus d’Abricot, Pulco",,,"3,50 €",,,,"(2,5cl)",,,,,,,,
Boissons,Shots,,,Iros,"Vodka, Cointreau, Sirop de Cerise, Citron",,,"3,50 €",,,,"(2,5cl)",,,,,,,,
Boissons,Shots,Rhum arrangé,,Rhum Arrangé,"Fraise, Basilic et Vanille",,,"3,50 €",,,,"(2,5cl)",,,,,,,,
Boissons,Shots,Rhum arrangé,,Rhum Arrangé,"Orange, Cannelle et Vanille",,,"3,50 €",,,,"(2,5cl)",,,,,,,,
Boissons,Shots,Rhum arrangé,,Rhum Arrangé,"Mangue, Passion et Vanille",,,"3,50 €",,,,"(2,5cl)",,,,,,,,
Boissons,Shots,Rhum arrangé,,Rhum Arrangé,"Framboise, Citronnelle, Gingembre et Menthe",,,"3,50 €",,,,"(2,5cl)",,,,,,,,
Plats,Assiettes et Planches,,,Houmous,Purée de pois chiche et de sésame,,,"6,50 €",,,,,,,,,,,,
Plats,Assiettes et Planches,,,Tzatziki,"Yaourt, concombre, échalotes, herbes fraîches",,,"6,50 €",,,,,,,,,,,,
Plats,Assiettes et Planches,,,Rillettes de Thon,"Thon, mayonnaise, persil, oignons cébette",,,"7,00 €",,,,,,,,,,,,
Plats,Assiettes et Planches,,,Écrasé d’Avocat,"Avocat, coriandre, piment, huile d’olive, citron",,,"7,00 €",,,,,,,,,,,,
Plats,Assiettes et Planches,,,Rillettes Basques,"Chorizo, cream cheese, piment d’Espelette",,,"7,00 €",,,,,,,,,,,,
Plats,Assiettes et Planches,,,Mozza,"Mozzarella 50g, pignons, pesto, basilic, tomates séchées",,,"7,00 €",,,,,,,,,,,,
Plats,Assiettes et Planches,,,Tartinades Maison à Partager,"4 choix parmi: Houmous, Tzatziki, Rillettes de Thon, Écrasé d’Avocat, Rillettes Basques, Mozza",,,"23,00 €",,,,,,,,,,,,
Plats,Assiettes et Planches,,,Camembert Rôti,"Camembert 150g, miel, thym",,,"10,00 €",,,,,,,,,,,,
Plats,Assiettes et Planches,,,Fromage,"Camembert, Comté, Morbier, Chèvre, Laïous, Saint-Nectaire",,,"11,00 €",,,,,,,,,,,,
Plats,Assiettes et Planches,,,Charcuterie,"Bœuf fumé, coppa affinée, filet mignon fumé, saucissons, jambon Bodega Reserva 24 mois",,,"12,00 €",,,,,,,,,,,,
Plats,Assiettes et Planches,,,Mixte,Assiette de charcuterie + fromage,,,"21,00 €",,,,,,,,,,,,
Plats,Assiettes et Planches,,,Tapas,"Beignets calamar/oignons/crevettes, accras, mozzarella sticks, poulet, Sauce tartare et épicée, Servi avec frites",,,"22,00 €",,,,,,,,,,,,
Plats,Assiettes et Planches,,,Saucissons 150g,"Cèpes, Piment, Comté, Nature, Poivre…",,,"5,00 €",,,,,,,,,,,,
Plats,Assiettes et Planches,,,Frites Maison,"1 sauce incluse Supplément sauce +0,30€",,,"3,00 €",,,,,,,,,,,,
Plats,Assiettes et Planches,,,Frites Maison XL,"2 sauces incluses, Supplément sauce +0,30€",,,"5,50 €",,,,,,,,,,,,
Plats,Assiettes et Planches,,,Bol de salade verte supplémentaire,,,,"3,00 €",,,,,,,,,,,,
Plats,Soupe/Gaspacho Maison,,,Demandez au serveur pour la soupe du jour,,,,"5,00 €",,,,,,,,,,,,
Plats,Salades,,,Vosgienne,"Lardons, dés d’emmental, tomates séchées, salade, croûtons",,,"11,00 €",,,,,,,,,,,,
Plats,Salades,,,César,"Poulet, grana padano, tomates séchées, champignons, sauce César, salade, croûtons",,,"11,00 €",,,,,,,,,,,,
Plats,Salades,,,Thaï,"Poulet pané, carottes râpées, cébettes, chou, miel, sésame noir, sauce teriyaki, salade",,,"14,00 €",,,,,,,,,,,,
Plats,Salades,Végétarien,,Automnale,"Avocat, pommes, betteraves, noix, céleri, salade",,,"11,00 €",,,,,,,,,,,,
Plats,Salades,Végétarien,,Estival,"Melon, feta, basilic, salade",,,"11,00 €",,,,,,,,,,,,
Plats,Salades,Végétarien,,Soleil,"Aubergines, noix, feta, tomates séchées, salade",,,"11,00 €",,,,,,,,,,,,
Plats,Salades,Végétarien,,Falafel,"Falafels maison, houmous, tzatziki, betteraves, maïs, olives, cornichons, sésames, salade, sauce épicée",,,"11,50 €",,,,,,,,,,,,
Plats,Salades,Végétarien,,Italienne,"Mozzarella burrata, concombre, basilic, tomates, pignons, roquette, pesto, huile d’olive",,,"15,00 €",,,,,,,,,,,,
Plats,Salades de pâtes froides,,,Provençale,"Courgettes, poivrons, aubergines, tomates, oignons, pâtes fusilli",,,"10,00 €",,,,,,,,,,,,
Plats,Salades de pâtes froides,,,Saumon,"Saumon, billes de mozzarella di bufala, aneth, concombre, pâtes fusilli",,,"10,50 €",,,,,,,,,,,,
Plats,Salades de pâtes froides,,,Thon,"Thon, maïs, olives, tomates cerises, concombre, cornichons, pâtes fusilli",,,"10,50 €",,,,,,,,,,,,
Plats,Salades de pâtes froides,,,Brésilienne,"Poulet, mangue, concombre, olives, tomates cerises, roquette, maïs, mayonnaise, pâtes fusilli",,,"10,50 €",,,,,,,,,,,,
Plats,Burgers,Bœuf,,Pitchoun,"Steak 90g, cheddar, salade, ketchup",,,"8,00 €",,,,,,,,,,,,
Plats,Burgers,Bœuf,,Classique,"Steak, cheddar, cornichons, tomates, sauce cocktail, salade",,,"9,90 €",,,,,,,,,,,,
Plats,Burgers,Bœuf,,Forestier,"Steak, comté affiné, champignons, sauce poivre",,,"12,50 €",,,,,,,,,,,,
Plats,Burgers,Bœuf,,Savoyard,"Steak, coppa, reblochon, salade, sauce poivre",,,"13,00 €",,,,,,,,,,,,
Plats,Burgers,Bœuf,,Lombard,"Steak, gorgonzola, noix, salade, confit de figues",,,"13,00 €",,,,,,,,,,,,
Plats,Burgers,Bœuf,,Chèvre,"Steak, chèvre, crème fraîche, thym, salade, miel",,,"13,50 €",,,,,,,,,,,,
Plats,Burgers,Bœuf,,Rosbeef,"Viande de bœuf (langue de chat), champignons, comté affiné, confiture d’oignons maison",,,"13,50 €",,,,,,,,,,,,
Plats,Burgers,Bœuf,,Xalapa,"Viande de bœuf (langue de chat), mozzarella, salade, sauce spéciale maison",,,"13,50 €",,,,,,,,,,,,
Plats,Burgers,Bœuf,,Burrata,"Steak, mini burrata, tomates séchées, roquette, pesto",,,"13,50 €",,,,,,,,,,,,
Plats,Burgers,Bœuf,,Oriental,"Steak, cheddar, aubergine, poivron, oignons, cumin, cornichons, tomates, salade, sauce samouraï",,,"13,50 €",,,,,,,,,,,,
Plats,Burgers,Bœuf,,Auvergnat,"Steak, Saint-Nectaire, poitrine fumée, oignon rouge, sauce moutarde miel",,,"13,50 €",,,,,,,,,,,,
Plats,Burgers,Bœuf,,Colombien,"Steak, feta, écrasé d’avocat, oignons, tomates, salade",,,"14,00 €",,,,,,,,,,,,
Plats,Burgers,Végétarien,,Phénicien,"Falafel maison, cheddar, roquette, cornichons, tomates, salade, tzatziki maison",,,"11,00 €",,,,,,,,,,,,
Plats,Burgers,Végétarien,,Veggie,"Galette de pommes de terre maison, aubergine, courgette, poivron, tomate, cheddar, cornichons, salade, sauce cocktail",,,"11,00 €",,,,,,,,,,,,
Plats,Burgers,Poulet,,Chicken,"Poulet frit, gouda, cumin, cornichon, tomate, salade, sauce barbecue",,,"12,00 €",,,,,,,,,,,,
Plats,Burgers,Poulet,,Héllène,"Filet de poulet citronné, roquette, cornichons, curcuma, tomates, salade, tzatziki maison",,,"13,00 €",,,,,,,,,,,,
Plats,Burgers,Poulet,,Suprême,"Poulet frit, écrasé d’avocat, oignon rouge, grana padano",,,"13,50 €",,,,,,,,,,,,
Plats,Burgers,Poisson,,Marin,"Filet de cabillaud pané, gouda, roquette, cornichons, tomates, salade, sauce tartare maison",,,"11,00 €",,,,,,,,,,,,
Plats,Burgers,Pour les enfants,,Steak 90g,Servi avec salade verte,,,"8,00 €",,,,,,,,,,,,
Plats,Burgers,Pour les enfants,,Burger Pitchoun,"Steak 90g, cheddar, ketchup, salade",,,"11,00 €",,,,,,,,,,,,
Plats,Burgers,Pour les enfants,,Milanaise 90g,Servie avec salade verte,,,"8,50 €",,,,,,,,,,,,
Plats,Burgers,Pour les enfants,,Fish n’Chips 90g,"Sauce au choix, Servi avec salade verte",,,"9,50 €",,,,,,,,,,,,
Plats,Burgers,Pour les enfants,,Spaghetti ou Radiatori,"Sauce bolognaise maison ou pesto ou accompagnement du jour, avec parmesan ou emmental",,,"7,50 €",,,,,,,,,,,,
Plats,Tartines,Chaud,,Poulet,"Poulet, emmental, champignons, crème fraîche, tomates séchées",,,"10,50 €",,,,,,,,,,,,
Plats,Tartines,Chaud,,Jambon,"Jambon Bodega 24 mois, mozzarella, champignons, sauce tomate maison",,,"10,50 €",,,,,,,,,,,,
Plats,Tartines,Chaud,,Montagnarde,"Lardons, pommes de terre, crème fraîche, reblochon, oignons",,,"10,50 €",,,,,,,,,,,,
Plats,Tartines,Chaud,,Mexicaine,"Viande hachée, mozzarella, poivrons, oignons, sauce tomate maison",,,"11,00 €",,,,,,,,,,,,
Plats,Tartines,Chaud,,Moussaka,"Viande hachée, mozzarella, aubergines, poivrons, oignons, sauce tomate maison",,,"11,50 €",,,,,,,,,,,,
Plats,Tartines,Froid,,Norvégienne,"Saumon, noix, fromage frais, crème fraîche, curry, roquette, tomates cerises, ciboulette",,,"11,00 €",,,,,,,,,,,,
Plats,Tartines,Froid,,Ibérique,"Crème de chorizo, olive verte et noire, roquette, ciboulette, tomates cerises, piment d’Espelette",,,"11,50 €",,,,,,,,,,,,
Plats,Tartines,Froid,,Rio,"Poulet, mangue, crème fraîche, tomate cerise, ciboulette",,,"11,50 €",,,,,,,,,,,,
Plats,Tartines,Froid,,Capra,"Jambon Bodega 24 mois, chèvre, miel, roquette, tomates cerises",,,"11,50 €",,,,,,,,,,,,
Plats,Tartines,Froid,,Thon,"Thon, avocats, olives, oignons nouveaux, persil, concombres, tomates cerises, mayo, ciboulette",,,"12,00 €",,,,,,,,,,,,
Plats,Tartines,Végan Froid,,Avocado,"Olives, écrasé d’avocats, tomates cerises",,,"10,50 €",,,,,,,,,,,,
Plats,Tartines,Végan Froid,,Levantine,"Houmous maison, aubergines, olives, roquette, tomates séchées",,,"10,50 €",,,,,,,,,,,,
Plats,Tartines,Végétarien Chaud,,Chèvre,"Chèvre, noix, miel, menthe",,,"9,90 €",,,,,,,,,,,,
Plats,Tartines,Végétarien Chaud,,Méditerranée,"Aubergines, mozzarella, parmesan, tomates séchées",,,"10,50 €",,,,,,,,,,,,
Plats,Tartines,Végétarien Chaud,,Italia,"Pesto, mozzarella, champignons, parmesan, tomates",,,"10,50 €",,,,,,,,,,,,
Plats,Plat du Jour,,,Plat du jour,,,,"13,00 €",,,,,,,,,,,,
Plats,Plat du Jour,,,Plat + Dessert du Jour,,,,"17,50 €",,,,,,,,,,,,
Plats,Plat du Jour,,,Plat + Dessert + Verre de Vin + Café,,,,"19,00 €",,,,,,,,,,,,
Plats,Plats,,,Steak Haché 125g,Sauce au choix,,,"9,90 €",,,,,,,,,,,,
Plats,Plats,,,Tartare Classique,"Bœuf haché au couteau, persil, oignons, câpres, cornichons, sauce Worcestershire, Tabasco",,,"16,50 €",,,,,,,,,,,,
Plats,Plats,,,Tartare Romain,"Bœuf haché au couteau, parmesan, tomates séchées, pignons, basilic, câpres, pesto",,,"17,50 €",,,,,,,,,,,,
Plats,Plats,,,Onglet 140g,Sauce au choix,,,"17,50 €",,,,,,,,,,,,
Plats,Plats,,,Bavette 180g,Sauce au choix,,,"17,50 €",,,,,,,,,,,,
Plats,Plats,,,Entrecôte Française 200g,Sauce au choix,,,"19,00 €",,,,,,,,,,,,
Plats,Plats,,,Faux-Filet 240g,Sauce au choix,,,"20,00 €",,,,,,,,,,,,
Plats,Plats,,,Escalope Milanaise 130g,Sauce tartare maison,,,"15,00 €",,,,,,,,,,,,
Plats,Plats,,,Poulet Tendresse 130g,"Poulet frit, Sauce tomate épicée maison",,,"15,00 €",,,,,,,,,,,,
Plats,Plats,,,Fish n’Chips 130g,Sauce tartare maison,,,"14,00 €",,,,,,,,,,,,
Plats,Plats,,,Spaghetti ou Radiatori,"Sauce bolognaise maison ou pesto ou accompagnement du jour, avec parmesan ou emmental",,,"9,90 €",,,,,,,,,,,,
Plats,Desserts maison,,,Cookie du Jour,,,,"2,50 €",,,,,,,,,,,,
Plats,Desserts maison,,,Muffin du Jour,,,,"4,00 €",,,,,,,,,,,,
Plats,Desserts maison,,,Fondant au Chocolat,"Supplément glace vanille bio +2,50€",,,"5,00 €",,,,,,,,,,,,
Plats,Desserts maison,,,Crumble,"Supplément glace vanille bio +2,50€",,,"6,00 €",,,,,,,,,,,,
Plats,Desserts maison,,,Mousse au Chocolat,,,,"6,00 €",,,,,,,,,,,,
Plats,Desserts maison,,,Panna Cotta,"Coulis caramel, chocolat, fruits rouges ou mangue",,,"6,00 €",,,,,,,,,,,,
Plats,Desserts maison,,,Dessert du Jour,"Seulement le midi, demandez au serveur",,,"6,00 €",,,,,,,,,,,,
Plats,Desserts maison,,,Crème Brûlée,,,,"6,50 €",,,,,,,,,,,,
Plats,Desserts maison,,,Cheesecake,"Coulis caramel, chocolat, fruits rouges ou mangue",,,"6,50 €",,,,,,,,,,,,
Plats,Desserts maison,,,Tiramisu,Au speculoos et café,,,"7,00 €",,,,,,,,,,,,
Plats,Desserts maison,,,Café Gourmand,4 petits desserts maison et un mini cookie,,,"7,50 €",,,,,,,,,,,,
Plats,Desserts maison,,,Thé Gourmand,4 petits desserts maison et un mini cookie,,,"8,50 €",,,,,,,,,,,,
Plats,Desserts maison,,,Digestif Gourmand,"4 petits desserts maison et un mini cookie, Parmi: Cointreau, Menthe Pastille, Armagnac, Peppermint, Cognac aux Amandes, Cognac VS, Poire, Bailey’s, Calvados Closville",,,"9,50 €",,,,,,,,,,,,
Plats,Desserts maison,,,Planche 3 Fromages,"Comté, Camembert et Laïous",,,"7,50 €",,,,,,,,,,,,
Plats,Desserts glacés,,,Coupe de glace (bio),"Vanille, fraise, chocolat au lait, mangue, melon/menthe, 3C: caramel/chocolat/cacahuète, Suppléments chantilly, amandes, coulis +0,50€","3,00 €","6,00 €",,,,,,,,,,,,,
Plats,Desserts glacés,,,Café Glacé,"Boule vanille et chocolat, café, amandes, chantilly",,,"7,50 €",,,,,,,,,,,,
